"","Group"
"Cell1","Group4"
"Cell2","Group3"
"Cell3","Group2"
"Cell4","Group2"
"Cell5","Group4"
"Cell6","Group1"
"Cell7","Group6"
"Cell8","Group4"
"Cell9","Group2"
"Cell10","Group2"
"Cell11","Group3"
"Cell12","Group2"
"Cell13","Group1"
"Cell14","Group1"
"Cell15","Group5"
"Cell16","Group3"
"Cell17","Group4"
"Cell18","Group5"
"Cell19","Group5"
"Cell20","Group6"
"Cell21","Group2"
"Cell22","Group2"
"Cell23","Group2"
"Cell24","Group1"
"Cell25","Group3"
"Cell26","Group2"
"Cell27","Group1"
"Cell28","Group1"
"Cell29","Group3"
"Cell30","Group2"
"Cell31","Group2"
"Cell32","Group1"
"Cell33","Group3"
"Cell34","Group1"
"Cell35","Group5"
"Cell36","Group5"
"Cell37","Group3"
"Cell38","Group6"
"Cell39","Group1"
"Cell40","Group6"
"Cell41","Group1"
"Cell42","Group4"
"Cell43","Group1"
"Cell44","Group5"
"Cell45","Group1"
"Cell46","Group1"
"Cell47","Group1"
"Cell48","Group5"
"Cell49","Group2"
"Cell50","Group4"
"Cell51","Group2"
"Cell52","Group4"
"Cell53","Group1"
"Cell54","Group2"
"Cell55","Group2"
"Cell56","Group1"
"Cell57","Group5"
"Cell58","Group4"
"Cell59","Group3"
"Cell60","Group3"
"Cell61","Group2"
"Cell62","Group5"
"Cell63","Group3"
"Cell64","Group2"
"Cell65","Group1"
"Cell66","Group2"
"Cell67","Group5"
"Cell68","Group1"
"Cell69","Group2"
"Cell70","Group2"
"Cell71","Group3"
"Cell72","Group2"
"Cell73","Group1"
"Cell74","Group2"
"Cell75","Group4"
"Cell76","Group2"
"Cell77","Group1"
"Cell78","Group1"
"Cell79","Group1"
"Cell80","Group1"
"Cell81","Group3"
"Cell82","Group2"
"Cell83","Group4"
"Cell84","Group2"
"Cell85","Group4"
"Cell86","Group1"
"Cell87","Group2"
"Cell88","Group2"
"Cell89","Group5"
"Cell90","Group2"
"Cell91","Group2"
"Cell92","Group4"
"Cell93","Group2"
"Cell94","Group2"
"Cell95","Group3"
"Cell96","Group3"
"Cell97","Group1"
"Cell98","Group3"
"Cell99","Group1"
"Cell100","Group1"
"Cell101","Group3"
"Cell102","Group3"
"Cell103","Group1"
"Cell104","Group1"
"Cell105","Group3"
"Cell106","Group2"
"Cell107","Group2"
"Cell108","Group5"
"Cell109","Group1"
"Cell110","Group3"
"Cell111","Group2"
"Cell112","Group2"
"Cell113","Group5"
"Cell114","Group1"
"Cell115","Group1"
"Cell116","Group5"
"Cell117","Group3"
"Cell118","Group2"
"Cell119","Group1"
"Cell120","Group2"
"Cell121","Group2"
"Cell122","Group2"
"Cell123","Group1"
"Cell124","Group3"
"Cell125","Group2"
"Cell126","Group1"
"Cell127","Group2"
"Cell128","Group4"
"Cell129","Group1"
"Cell130","Group1"
"Cell131","Group3"
"Cell132","Group2"
"Cell133","Group3"
"Cell134","Group2"
"Cell135","Group2"
"Cell136","Group2"
"Cell137","Group2"
"Cell138","Group6"
"Cell139","Group6"
"Cell140","Group3"
"Cell141","Group5"
"Cell142","Group1"
"Cell143","Group4"
"Cell144","Group2"
"Cell145","Group3"
"Cell146","Group3"
"Cell147","Group1"
"Cell148","Group2"
"Cell149","Group3"
"Cell150","Group6"
"Cell151","Group2"
"Cell152","Group5"
"Cell153","Group4"
"Cell154","Group4"
"Cell155","Group2"
"Cell156","Group1"
"Cell157","Group2"
"Cell158","Group2"
"Cell159","Group2"
"Cell160","Group1"
"Cell161","Group4"
"Cell162","Group5"
"Cell163","Group1"
"Cell164","Group2"
"Cell165","Group5"
"Cell166","Group1"
"Cell167","Group3"
"Cell168","Group1"
"Cell169","Group1"
"Cell170","Group4"
"Cell171","Group2"
"Cell172","Group2"
"Cell173","Group2"
"Cell174","Group2"
"Cell175","Group1"
"Cell176","Group6"
"Cell177","Group2"
"Cell178","Group5"
"Cell179","Group1"
"Cell180","Group4"
"Cell181","Group1"
"Cell182","Group3"
"Cell183","Group1"
"Cell184","Group4"
"Cell185","Group2"
"Cell186","Group2"
"Cell187","Group3"
"Cell188","Group2"
"Cell189","Group2"
"Cell190","Group1"
"Cell191","Group3"
"Cell192","Group2"
"Cell193","Group2"
"Cell194","Group1"
"Cell195","Group2"
"Cell196","Group6"
"Cell197","Group1"
"Cell198","Group1"
"Cell199","Group1"
"Cell200","Group3"
"Cell201","Group1"
"Cell202","Group3"
"Cell203","Group1"
"Cell204","Group3"
"Cell205","Group3"
"Cell206","Group4"
"Cell207","Group3"
"Cell208","Group6"
"Cell209","Group6"
"Cell210","Group1"
"Cell211","Group1"
"Cell212","Group5"
"Cell213","Group3"
"Cell214","Group3"
"Cell215","Group3"
"Cell216","Group2"
"Cell217","Group4"
"Cell218","Group2"
"Cell219","Group2"
"Cell220","Group2"
"Cell221","Group1"
"Cell222","Group3"
"Cell223","Group2"
"Cell224","Group2"
"Cell225","Group1"
"Cell226","Group3"
"Cell227","Group3"
"Cell228","Group3"
"Cell229","Group5"
"Cell230","Group2"
"Cell231","Group1"
"Cell232","Group5"
"Cell233","Group1"
"Cell234","Group1"
"Cell235","Group1"
"Cell236","Group3"
"Cell237","Group1"
"Cell238","Group5"
"Cell239","Group3"
"Cell240","Group3"
"Cell241","Group2"
"Cell242","Group3"
"Cell243","Group3"
"Cell244","Group1"
"Cell245","Group2"
"Cell246","Group3"
"Cell247","Group3"
"Cell248","Group6"
"Cell249","Group2"
"Cell250","Group3"
"Cell251","Group2"
"Cell252","Group1"
"Cell253","Group4"
"Cell254","Group1"
"Cell255","Group1"
"Cell256","Group2"
"Cell257","Group4"
"Cell258","Group1"
"Cell259","Group1"
"Cell260","Group1"
"Cell261","Group3"
"Cell262","Group2"
"Cell263","Group1"
"Cell264","Group1"
"Cell265","Group1"
"Cell266","Group1"
"Cell267","Group6"
"Cell268","Group1"
"Cell269","Group5"
"Cell270","Group3"
"Cell271","Group3"
"Cell272","Group4"
"Cell273","Group1"
"Cell274","Group1"
"Cell275","Group2"
"Cell276","Group2"
"Cell277","Group5"
"Cell278","Group1"
"Cell279","Group6"
"Cell280","Group1"
"Cell281","Group1"
"Cell282","Group3"
"Cell283","Group3"
"Cell284","Group6"
"Cell285","Group1"
"Cell286","Group1"
"Cell287","Group2"
"Cell288","Group5"
"Cell289","Group1"
"Cell290","Group2"
"Cell291","Group3"
"Cell292","Group2"
"Cell293","Group4"
"Cell294","Group4"
"Cell295","Group2"
"Cell296","Group6"
"Cell297","Group4"
"Cell298","Group1"
"Cell299","Group1"
"Cell300","Group2"
"Cell301","Group1"
"Cell302","Group1"
"Cell303","Group4"
"Cell304","Group2"
"Cell305","Group4"
"Cell306","Group6"
"Cell307","Group4"
"Cell308","Group2"
"Cell309","Group1"
"Cell310","Group1"
"Cell311","Group5"
"Cell312","Group1"
"Cell313","Group1"
"Cell314","Group1"
"Cell315","Group4"
"Cell316","Group1"
"Cell317","Group2"
"Cell318","Group2"
"Cell319","Group2"
"Cell320","Group3"
"Cell321","Group1"
"Cell322","Group2"
"Cell323","Group3"
"Cell324","Group2"
"Cell325","Group2"
"Cell326","Group1"
"Cell327","Group1"
"Cell328","Group5"
"Cell329","Group4"
"Cell330","Group2"
"Cell331","Group1"
"Cell332","Group5"
"Cell333","Group2"
"Cell334","Group1"
"Cell335","Group1"
"Cell336","Group3"
"Cell337","Group3"
"Cell338","Group2"
"Cell339","Group1"
"Cell340","Group2"
"Cell341","Group2"
"Cell342","Group1"
"Cell343","Group5"
"Cell344","Group3"
"Cell345","Group4"
"Cell346","Group4"
"Cell347","Group1"
"Cell348","Group1"
"Cell349","Group4"
"Cell350","Group3"
"Cell351","Group5"
"Cell352","Group1"
"Cell353","Group4"
"Cell354","Group2"
"Cell355","Group1"
"Cell356","Group1"
"Cell357","Group6"
"Cell358","Group4"
"Cell359","Group1"
"Cell360","Group1"
"Cell361","Group1"
"Cell362","Group1"
"Cell363","Group1"
"Cell364","Group3"
"Cell365","Group3"
"Cell366","Group5"
"Cell367","Group1"
"Cell368","Group1"
"Cell369","Group4"
"Cell370","Group1"
"Cell371","Group4"
"Cell372","Group4"
"Cell373","Group3"
"Cell374","Group1"
"Cell375","Group3"
"Cell376","Group2"
"Cell377","Group2"
"Cell378","Group5"
"Cell379","Group3"
"Cell380","Group6"
"Cell381","Group1"
"Cell382","Group5"
"Cell383","Group3"
"Cell384","Group1"
"Cell385","Group1"
"Cell386","Group1"
"Cell387","Group1"
"Cell388","Group3"
"Cell389","Group2"
"Cell390","Group2"
"Cell391","Group5"
"Cell392","Group5"
"Cell393","Group6"
"Cell394","Group1"
"Cell395","Group1"
"Cell396","Group1"
"Cell397","Group1"
"Cell398","Group1"
"Cell399","Group1"
"Cell400","Group2"
"Cell401","Group1"
"Cell402","Group3"
"Cell403","Group3"
"Cell404","Group2"
"Cell405","Group2"
"Cell406","Group3"
"Cell407","Group6"
"Cell408","Group3"
"Cell409","Group2"
"Cell410","Group1"
"Cell411","Group5"
"Cell412","Group1"
"Cell413","Group2"
"Cell414","Group6"
"Cell415","Group6"
"Cell416","Group1"
"Cell417","Group3"
"Cell418","Group6"
"Cell419","Group1"
"Cell420","Group1"
"Cell421","Group3"
"Cell422","Group4"
"Cell423","Group1"
"Cell424","Group5"
"Cell425","Group6"
"Cell426","Group1"
"Cell427","Group5"
"Cell428","Group2"
"Cell429","Group3"
"Cell430","Group3"
"Cell431","Group1"
"Cell432","Group4"
"Cell433","Group4"
"Cell434","Group5"
"Cell435","Group2"
"Cell436","Group1"
"Cell437","Group1"
"Cell438","Group3"
"Cell439","Group1"
"Cell440","Group3"
"Cell441","Group4"
"Cell442","Group1"
"Cell443","Group1"
"Cell444","Group4"
"Cell445","Group1"
"Cell446","Group1"
"Cell447","Group1"
"Cell448","Group2"
"Cell449","Group2"
"Cell450","Group4"
"Cell451","Group1"
"Cell452","Group2"
"Cell453","Group3"
"Cell454","Group6"
"Cell455","Group4"
"Cell456","Group3"
"Cell457","Group4"
"Cell458","Group2"
"Cell459","Group1"
"Cell460","Group1"
"Cell461","Group2"
"Cell462","Group1"
"Cell463","Group3"
"Cell464","Group1"
"Cell465","Group3"
"Cell466","Group4"
"Cell467","Group3"
"Cell468","Group1"
"Cell469","Group1"
"Cell470","Group4"
"Cell471","Group1"
"Cell472","Group3"
"Cell473","Group4"
"Cell474","Group5"
"Cell475","Group2"
"Cell476","Group6"
"Cell477","Group2"
"Cell478","Group2"
"Cell479","Group2"
"Cell480","Group6"
"Cell481","Group3"
"Cell482","Group1"
"Cell483","Group6"
"Cell484","Group5"
"Cell485","Group3"
"Cell486","Group4"
"Cell487","Group2"
"Cell488","Group2"
"Cell489","Group4"
"Cell490","Group1"
"Cell491","Group3"
"Cell492","Group1"
"Cell493","Group2"
"Cell494","Group3"
"Cell495","Group5"
"Cell496","Group3"
"Cell497","Group1"
"Cell498","Group2"
"Cell499","Group4"
"Cell500","Group1"
"Cell501","Group5"
"Cell502","Group1"
"Cell503","Group5"
"Cell504","Group3"
"Cell505","Group2"
"Cell506","Group1"
"Cell507","Group1"
"Cell508","Group1"
"Cell509","Group3"
"Cell510","Group1"
"Cell511","Group1"
"Cell512","Group1"
"Cell513","Group3"
"Cell514","Group3"
"Cell515","Group5"
"Cell516","Group3"
"Cell517","Group3"
"Cell518","Group2"
"Cell519","Group1"
"Cell520","Group1"
"Cell521","Group2"
"Cell522","Group5"
"Cell523","Group6"
"Cell524","Group3"
"Cell525","Group1"
"Cell526","Group1"
"Cell527","Group3"
"Cell528","Group1"
"Cell529","Group6"
"Cell530","Group1"
"Cell531","Group2"
"Cell532","Group2"
"Cell533","Group3"
"Cell534","Group1"
"Cell535","Group1"
"Cell536","Group2"
"Cell537","Group6"
"Cell538","Group1"
"Cell539","Group3"
"Cell540","Group2"
"Cell541","Group3"
"Cell542","Group1"
"Cell543","Group5"
"Cell544","Group1"
"Cell545","Group1"
"Cell546","Group5"
"Cell547","Group3"
"Cell548","Group1"
"Cell549","Group5"
"Cell550","Group2"
"Cell551","Group2"
"Cell552","Group3"
"Cell553","Group2"
"Cell554","Group3"
"Cell555","Group2"
"Cell556","Group5"
"Cell557","Group1"
"Cell558","Group4"
"Cell559","Group1"
"Cell560","Group1"
"Cell561","Group2"
"Cell562","Group5"
"Cell563","Group2"
"Cell564","Group4"
"Cell565","Group3"
"Cell566","Group2"
"Cell567","Group5"
"Cell568","Group1"
"Cell569","Group1"
"Cell570","Group1"
"Cell571","Group1"
"Cell572","Group2"
"Cell573","Group1"
"Cell574","Group2"
"Cell575","Group3"
"Cell576","Group6"
"Cell577","Group2"
"Cell578","Group2"
"Cell579","Group2"
"Cell580","Group4"
"Cell581","Group6"
"Cell582","Group3"
"Cell583","Group2"
"Cell584","Group3"
"Cell585","Group1"
"Cell586","Group3"
"Cell587","Group1"
"Cell588","Group2"
"Cell589","Group3"
"Cell590","Group3"
"Cell591","Group1"
"Cell592","Group3"
"Cell593","Group1"
"Cell594","Group1"
"Cell595","Group4"
"Cell596","Group1"
"Cell597","Group4"
"Cell598","Group2"
"Cell599","Group3"
"Cell600","Group3"
"Cell601","Group3"
"Cell602","Group3"
"Cell603","Group1"
"Cell604","Group1"
"Cell605","Group5"
"Cell606","Group1"
"Cell607","Group4"
"Cell608","Group1"
"Cell609","Group5"
"Cell610","Group3"
"Cell611","Group1"
"Cell612","Group1"
"Cell613","Group5"
"Cell614","Group3"
"Cell615","Group3"
"Cell616","Group2"
"Cell617","Group2"
"Cell618","Group4"
"Cell619","Group3"
"Cell620","Group2"
"Cell621","Group1"
"Cell622","Group4"
"Cell623","Group1"
"Cell624","Group2"
"Cell625","Group1"
"Cell626","Group3"
"Cell627","Group2"
"Cell628","Group3"
"Cell629","Group1"
"Cell630","Group3"
"Cell631","Group4"
"Cell632","Group3"
"Cell633","Group2"
"Cell634","Group2"
"Cell635","Group1"
"Cell636","Group3"
"Cell637","Group3"
"Cell638","Group2"
"Cell639","Group1"
"Cell640","Group3"
"Cell641","Group3"
"Cell642","Group4"
"Cell643","Group4"
"Cell644","Group4"
"Cell645","Group4"
"Cell646","Group6"
"Cell647","Group2"
"Cell648","Group3"
"Cell649","Group1"
"Cell650","Group3"
"Cell651","Group4"
"Cell652","Group1"
"Cell653","Group5"
"Cell654","Group2"
"Cell655","Group1"
"Cell656","Group2"
"Cell657","Group4"
"Cell658","Group6"
"Cell659","Group5"
"Cell660","Group1"
"Cell661","Group1"
"Cell662","Group3"
"Cell663","Group1"
"Cell664","Group1"
"Cell665","Group2"
"Cell666","Group4"
"Cell667","Group3"
"Cell668","Group3"
"Cell669","Group4"
"Cell670","Group2"
"Cell671","Group2"
"Cell672","Group1"
"Cell673","Group1"
"Cell674","Group2"
"Cell675","Group1"
"Cell676","Group2"
"Cell677","Group5"
"Cell678","Group2"
"Cell679","Group1"
"Cell680","Group1"
"Cell681","Group3"
"Cell682","Group1"
"Cell683","Group2"
"Cell684","Group3"
"Cell685","Group2"
"Cell686","Group5"
"Cell687","Group1"
"Cell688","Group4"
"Cell689","Group4"
"Cell690","Group5"
"Cell691","Group5"
"Cell692","Group4"
"Cell693","Group2"
"Cell694","Group4"
"Cell695","Group3"
"Cell696","Group1"
"Cell697","Group2"
"Cell698","Group2"
"Cell699","Group6"
"Cell700","Group6"
"Cell701","Group1"
"Cell702","Group1"
"Cell703","Group4"
"Cell704","Group1"
"Cell705","Group5"
"Cell706","Group2"
"Cell707","Group2"
"Cell708","Group3"
"Cell709","Group4"
"Cell710","Group3"
"Cell711","Group3"
"Cell712","Group4"
"Cell713","Group2"
"Cell714","Group1"
"Cell715","Group1"
"Cell716","Group3"
"Cell717","Group2"
"Cell718","Group6"
"Cell719","Group2"
"Cell720","Group1"
"Cell721","Group6"
"Cell722","Group6"
"Cell723","Group3"
"Cell724","Group2"
"Cell725","Group5"
"Cell726","Group3"
"Cell727","Group1"
"Cell728","Group5"
"Cell729","Group5"
"Cell730","Group6"
"Cell731","Group2"
"Cell732","Group1"
"Cell733","Group6"
"Cell734","Group3"
"Cell735","Group2"
"Cell736","Group2"
"Cell737","Group1"
"Cell738","Group2"
"Cell739","Group2"
"Cell740","Group1"
"Cell741","Group1"
"Cell742","Group1"
"Cell743","Group3"
"Cell744","Group5"
"Cell745","Group3"
"Cell746","Group3"
"Cell747","Group6"
"Cell748","Group1"
"Cell749","Group4"
"Cell750","Group2"
"Cell751","Group3"
"Cell752","Group5"
"Cell753","Group3"
"Cell754","Group4"
"Cell755","Group6"
"Cell756","Group2"
"Cell757","Group2"
"Cell758","Group2"
"Cell759","Group4"
"Cell760","Group1"
"Cell761","Group2"
"Cell762","Group4"
"Cell763","Group1"
"Cell764","Group2"
"Cell765","Group1"
"Cell766","Group4"
"Cell767","Group4"
"Cell768","Group5"
"Cell769","Group2"
"Cell770","Group4"
"Cell771","Group1"
"Cell772","Group3"
"Cell773","Group5"
"Cell774","Group5"
"Cell775","Group2"
"Cell776","Group6"
"Cell777","Group2"
"Cell778","Group2"
"Cell779","Group2"
"Cell780","Group2"
"Cell781","Group2"
"Cell782","Group3"
"Cell783","Group3"
"Cell784","Group2"
"Cell785","Group6"
"Cell786","Group2"
"Cell787","Group1"
"Cell788","Group3"
"Cell789","Group1"
"Cell790","Group2"
"Cell791","Group2"
"Cell792","Group3"
"Cell793","Group5"
"Cell794","Group2"
"Cell795","Group1"
"Cell796","Group2"
"Cell797","Group3"
"Cell798","Group1"
"Cell799","Group1"
"Cell800","Group2"
"Cell801","Group2"
"Cell802","Group2"
"Cell803","Group5"
"Cell804","Group4"
"Cell805","Group1"
"Cell806","Group2"
"Cell807","Group1"
"Cell808","Group6"
"Cell809","Group1"
"Cell810","Group4"
"Cell811","Group1"
"Cell812","Group3"
"Cell813","Group3"
"Cell814","Group4"
"Cell815","Group2"
"Cell816","Group5"
"Cell817","Group1"
"Cell818","Group2"
"Cell819","Group1"
"Cell820","Group4"
"Cell821","Group2"
"Cell822","Group4"
"Cell823","Group1"
"Cell824","Group2"
"Cell825","Group5"
"Cell826","Group1"
"Cell827","Group3"
"Cell828","Group5"
"Cell829","Group2"
"Cell830","Group2"
"Cell831","Group1"
"Cell832","Group2"
"Cell833","Group2"
"Cell834","Group1"
"Cell835","Group2"
"Cell836","Group1"
"Cell837","Group1"
"Cell838","Group1"
"Cell839","Group1"
"Cell840","Group2"
"Cell841","Group1"
"Cell842","Group6"
"Cell843","Group3"
"Cell844","Group4"
"Cell845","Group3"
"Cell846","Group1"
"Cell847","Group2"
"Cell848","Group4"
"Cell849","Group3"
"Cell850","Group6"
"Cell851","Group1"
"Cell852","Group1"
"Cell853","Group2"
"Cell854","Group3"
"Cell855","Group1"
"Cell856","Group2"
"Cell857","Group1"
"Cell858","Group6"
"Cell859","Group2"
"Cell860","Group1"
"Cell861","Group1"
"Cell862","Group3"
"Cell863","Group2"
"Cell864","Group1"
"Cell865","Group5"
"Cell866","Group6"
"Cell867","Group3"
"Cell868","Group1"
"Cell869","Group2"
"Cell870","Group2"
"Cell871","Group2"
"Cell872","Group3"
"Cell873","Group3"
"Cell874","Group4"
"Cell875","Group4"
"Cell876","Group2"
"Cell877","Group3"
"Cell878","Group2"
"Cell879","Group1"
"Cell880","Group1"
"Cell881","Group1"
"Cell882","Group2"
"Cell883","Group1"
"Cell884","Group5"
"Cell885","Group4"
"Cell886","Group3"
"Cell887","Group1"
"Cell888","Group1"
"Cell889","Group3"
"Cell890","Group3"
"Cell891","Group6"
"Cell892","Group6"
"Cell893","Group4"
"Cell894","Group2"
"Cell895","Group3"
"Cell896","Group3"
"Cell897","Group1"
"Cell898","Group2"
"Cell899","Group1"
"Cell900","Group4"
"Cell901","Group3"
"Cell902","Group4"
"Cell903","Group3"
"Cell904","Group3"
"Cell905","Group1"
"Cell906","Group2"
"Cell907","Group5"
"Cell908","Group1"
"Cell909","Group2"
"Cell910","Group2"
"Cell911","Group6"
"Cell912","Group1"
"Cell913","Group3"
"Cell914","Group4"
"Cell915","Group1"
"Cell916","Group2"
"Cell917","Group2"
"Cell918","Group3"
"Cell919","Group3"
"Cell920","Group3"
"Cell921","Group5"
"Cell922","Group1"
"Cell923","Group1"
"Cell924","Group2"
"Cell925","Group4"
"Cell926","Group6"
"Cell927","Group2"
"Cell928","Group5"
"Cell929","Group3"
"Cell930","Group1"
"Cell931","Group5"
"Cell932","Group6"
"Cell933","Group1"
"Cell934","Group3"
"Cell935","Group6"
"Cell936","Group2"
"Cell937","Group2"
"Cell938","Group2"
"Cell939","Group2"
"Cell940","Group1"
"Cell941","Group1"
"Cell942","Group2"
"Cell943","Group3"
"Cell944","Group3"
"Cell945","Group2"
"Cell946","Group3"
"Cell947","Group3"
"Cell948","Group6"
"Cell949","Group1"
"Cell950","Group1"
"Cell951","Group6"
"Cell952","Group3"
"Cell953","Group1"
"Cell954","Group2"
"Cell955","Group5"
"Cell956","Group1"
"Cell957","Group3"
"Cell958","Group1"
"Cell959","Group2"
"Cell960","Group1"
"Cell961","Group6"
"Cell962","Group1"
"Cell963","Group4"
"Cell964","Group2"
"Cell965","Group2"
"Cell966","Group1"
"Cell967","Group2"
"Cell968","Group6"
"Cell969","Group1"
"Cell970","Group4"
"Cell971","Group2"
"Cell972","Group2"
"Cell973","Group3"
"Cell974","Group1"
"Cell975","Group2"
"Cell976","Group5"
"Cell977","Group1"
"Cell978","Group5"
"Cell979","Group3"
"Cell980","Group1"
"Cell981","Group1"
"Cell982","Group1"
"Cell983","Group4"
"Cell984","Group2"
"Cell985","Group2"
"Cell986","Group3"
"Cell987","Group3"
"Cell988","Group2"
"Cell989","Group2"
"Cell990","Group3"
"Cell991","Group2"
"Cell992","Group2"
"Cell993","Group2"
"Cell994","Group2"
"Cell995","Group6"
"Cell996","Group1"
"Cell997","Group1"
"Cell998","Group3"
"Cell999","Group3"
"Cell1000","Group4"
